{
  "log": {
    "level": 4
  },
  "common": {
    "outputName": "web-mobile",
    "mainBundleCompressionType": "merge_dep",
    "platform": "web-mobile"
  },
  "BuildTaskManager": {
    "taskMap": {
      "1650630894735": {
        "id": "1650630894735",
        "progress": 1,
        "state": "success",
        "message": "2022-4-22 20:39 Build success in 6304 ms!",
        "options": {
          "name": "switcher_3x",
          "platform": "web-mobile",
          "buildPath": "project://build",
          "debug": false,
          "md5Cache": false,
          "sourceMaps": false,
          "replaceSplashScreen": false,
          "mainBundleCompressionType": "merge_dep",
          "mainBundleIsRemote": false,
          "mergeStartScene": false,
          "experimentalEraseModules": false,
          "compressTexture": true,
          "packAutoAtlas": true,
          "startScene": "46ff86a9-72fc-4f0e-8e39-bd40f4638bdd",
          "scenes": [
            {
              "url": "db://assets/test.scene",
              "uuid": "46ff86a9-72fc-4f0e-8e39-bd40f4638bdd",
              "inBundle": false
            }
          ],
          "outputName": "web-mobile",
          "packages": {
            "web-mobile": {
              "orientation": "auto",
              "polyfills": {
                "asyncFunctions": true
              }
            },
            "cocos-service": {
              "configID": "883c5f",
              "services": [
                {
                  "service_id": "235",
                  "service_component_name": "service-analytics",
                  "builder": "C:\\Users\\49689\\.CocosCreator\\.service\\analytics\\builder\\builder.js",
                  "enable": false,
                  "params": {}
                }
              ]
            }
          }
        },
        "time": "2022-4-22 20:39",
        "dirty": false
      }
    }
  },
  "__version__": "1.3.1"
}
