{
  "options": {
    "web-desktop": {
      "configID": "883c5f",
      "services": [
        {
          "service_id": "235",
          "service_component_name": "service-analytics",
          "builder": "C:\\Users\\49689\\.CocosCreator\\.service\\analytics\\builder\\builder.js",
          "enable": false,
          "params": {}
        }
      ]
    },
    "web-mobile": {
      "configID": "883c5f",
      "services": [
        {
          "service_id": "235",
          "service_component_name": "service-analytics",
          "builder": "C:\\Users\\49689\\.CocosCreator\\.service\\analytics\\builder\\builder.js",
          "enable": false,
          "params": {}
        }
      ]
    }
  },
  "builder-options": {
    "configID": "883c5f",
    "services": [
      {
        "service_id": "235",
        "service_component_name": "service-analytics",
        "builder": "C:\\Users\\49689\\.CocosCreator\\.service\\analytics\\builder\\builder.js",
        "enable": false,
        "params": {}
      }
    ]
  }
}
